{"cameraMode":{"drawMode":0,"name":"Shaded","section":"Shading Mode"},"sceneLighting":true,"audioPlay":false,"sceneViewState":{"m_AlwaysRefresh":false,"showFog":true,"showSkybox":true,"showFlares":true,"showImageEffects":true,"showParticleSystems":true,"showVisualEffectGraphs":true,"m_FxEnabled":true},"in2DMode":false,"pivot":{"x":0.14668500423431397,"y":5.027353763580322,"z":-4.726902008056641},"rotation":{"x":-0.23326456546783448,"y":0.05451646447181702,"z":-0.013099323958158493,"w":-0.9708028435707092},"size":1.4581888914108277,"orthographic":false}