{"cameraMode":{"drawMode":0,"name":"Shaded","section":"Shading Mode"},"sceneLighting":false,"audioPlay":false,"sceneViewState":{"m_AlwaysRefresh":false,"showFog":true,"showSkybox":false,"showFlares":true,"showImageEffects":true,"showParticleSystems":true,"showVisualEffectGraphs":true,"m_FxEnabled":true},"in2DMode":false,"pivot":{"x":0.4621362090110779,"y":1.2408630847930909,"z":0.7853633761405945},"rotation":{"x":0.17254358530044557,"y":0.0014735945733264089,"z":-0.00025748397456482053,"w":0.9850126504898071},"size":4.396463871002197,"orthographic":false}